<?xml version='1.0' encoding='UTF-8'?>  
<!DOCTYPE hibernate-mapping PUBLIC  
          "-//Hibernate/Hibernate Mapping DTD 3.0//EN"  
          "http://hibernate.sourceforge.net/hibernate-mapping-3.0.dtd">

<hibernate-mapping package="com.kb.model">
	<class name="Applicant" table="Applicant">
		<id name="applicantId" type="int">
			<column name="Applicant_Id"></column>
			<generator class="increment"></generator>
		</id>
		<property name="firstName" column="FirstName"></property>
		<property name="lastName" column="LastName"></property>
		<property name="age" type="int" column="Age"></property>
		<property name="education" column="Education"></property>

		<set name="addresses" table="Address" 
				inverse="true" lazy="true" fetch="select">
            <key>
                <column name="Applicant_Id" not-null="true" />
            </key>
            <one-to-many class="Address" />
        </set>
	</class>
</hibernate-mapping>  